{
  "main": {
    "id": "3396cc20f8ca30cc",
    "type": "split",
    "children": [
      {
        "id": "6d75853aeca8c047",
        "type": "tabs",
        "children": [
          {
            "id": "d75077a224b8936d",
            "type": "leaf",
            "state": {
              "type": "markdown",
              "state": {
                "file": "Welcome Card.md",
                "mode": "source",
                "source": false
              },
              "icon": "lucide-file",
              "title": "Welcome Card"
            }
          },
          {
            "id": "29e793b097325c34",
            "type": "leaf",
            "state": {
              "type": "graph",
              "state": {},
              "icon": "lucide-git-fork",
              "title": "Graph view"
            }
          }
        ]
      }
    ],
    "direction": "vertical"
  },
  "left": {
    "id": "c83235d740b48ee1",
    "type": "split",
    "children": [
      {
        "id": "fc6168fd60654a7b",
        "type": "tabs",
        "children": [
          {
            "id": "89dfcd74d9d4a53f",
            "type": "leaf",
            "state": {
              "type": "file-explorer",
              "state": {
                "sortOrder": "alphabetical",
                "autoReveal": false
              },
              "icon": "lucide-folder-closed",
              "title": "Files"
            }
          },
          {
            "id": "968ead77240c2b4d",
            "type": "leaf",
            "state": {
              "type": "search",
              "state": {
                "query": "Hold",
                "matchingCase": false,
                "explainSearch": false,
                "collapseAll": false,
                "extraContext": false,
                "sortOrder": "alphabetical"
              },
              "icon": "lucide-search",
              "title": "Search"
            }
          },
          {
            "id": "f6280a9c38e260fe",
            "type": "leaf",
            "state": {
              "type": "bookmarks",
              "state": {},
              "icon": "lucide-bookmark",
              "title": "Bookmarks"
            }
          }
        ]
      }
    ],
    "direction": "horizontal",
    "width": 300
  },
  "right": {
    "id": "55eee64d6c862953",
    "type": "split",
    "children": [
      {
        "id": "c1808f05d2a5aae5",
        "type": "tabs",
        "children": [
          {
            "id": "9e88a50acc8a5610",
            "type": "leaf",
            "state": {
              "type": "backlink",
              "state": {
                "file": "Welcome Card.md",
                "collapseAll": false,
                "extraContext": false,
                "sortOrder": "alphabetical",
                "showSearch": false,
                "searchQuery": "",
                "backlinkCollapsed": false,
                "unlinkedCollapsed": true
              },
              "icon": "links-coming-in",
              "title": "Backlinks for Welcome Card"
            }
          },
          {
            "id": "a37ee63c728e5f53",
            "type": "leaf",
            "state": {
              "type": "outgoing-link",
              "state": {
                "file": "Welcome Card.md",
                "linksCollapsed": false,
                "unlinkedCollapsed": true
              },
              "icon": "links-going-out",
              "title": "Outgoing links from Welcome Card"
            }
          },
          {
            "id": "cb249253dd18c306",
            "type": "leaf",
            "state": {
              "type": "tag",
              "state": {
                "sortOrder": "frequency",
                "useHierarchy": true,
                "showSearch": false,
                "searchQuery": ""
              },
              "icon": "lucide-tags",
              "title": "Tags"
            }
          },
          {
            "id": "95e4692f50bb6421",
            "type": "leaf",
            "state": {
              "type": "all-properties",
              "state": {
                "sortOrder": "frequency",
                "showSearch": false,
                "searchQuery": ""
              },
              "icon": "lucide-archive",
              "title": "All properties"
            }
          },
          {
            "id": "600bc77125665f2d",
            "type": "leaf",
            "state": {
              "type": "outline",
              "state": {
                "file": "Completed Episodes/Act 1/Fix Life Support.md",
                "followCursor": false,
                "showSearch": false,
                "searchQuery": ""
              },
              "icon": "lucide-list",
              "title": "Outline of Fix Life Support"
            }
          },
          {
            "id": "858cdf2365ee318b",
            "type": "leaf",
            "state": {
              "type": "fountain-sidebar",
              "state": {},
              "icon": "list-tree",
              "title": "Table of contents of fountain script"
            }
          }
        ]
      }
    ],
    "direction": "horizontal",
    "width": 300
  },
  "left-ribbon": {
    "hiddenItems": {
      "switcher:Open quick switcher": false,
      "graph:Open graph view": false,
      "canvas:Create new canvas": false,
      "daily-notes:Open today's daily note": false,
      "templates:Insert template": false,
      "command-palette:Open command palette": false,
      "bases:Create new base": false,
      "fountain:New fountain document": false
    }
  },
  "active": "d75077a224b8936d",
  "lastOpenFiles": [
    "Completed Episodes/Part 1/Act 1/Wear a Disguise.md",
    "Completed Episodes/Part 1/Act 1/Wake the Crew - Gunther..md",
    "Completed Episodes/Part 1/Act 1/Wake the Crew - Gunther.md",
    "Completed Episodes/Part 1/Act 1/Wake the Crew - Celci..md",
    "Completed Episodes/Part 1/Act 1/Wake the Crew - Celci.md",
    "Completed Episodes/Part 1/Act 1/Wake the Crew - Burt..md",
    "Completed Episodes/Part 1/Act 1/Wake the Crew - Burt.md",
    "Completed Episodes/Part 1/Act 1/This Must be a Dream!.md",
    "Completed Episodes/Part 1/Act 1/Send Mark In... Again.md",
    "Completed Episodes/Part 1/Act 1/Send Mark In Again.md",
    "Completed Episodes/Part 1/Act 1/Send Mark In.md",
    "Completed Episodes/Part 1/Act 1/Put Out The Fire.md",
    "Completed Episodes/Part 1/Act 1/In Space with Markiplier - Part 1.md",
    "Completed Episodes/Part 1/Act 1/I Believe You.md",
    "Completed Episodes/Part 1/Act 1/Go Towards the Light.md",
    "Completed Episodes/Part 1/Act 1/Fix Life Support.md",
    "Completed Episodes/Part 1/Act 1/Fix it from the Outside! - Nothing.md",
    "Completed Episodes/Part 1/Act 1/Fix it from the Outside! - ADS.md",
    "Completed Episodes/Part 1/Act 1/Fix it from the Outside! - Cryo.md",
    "Completed Episodes/Part 1/Act 1/Call for Backup - Gunther.md",
    "Completed Episodes/Part 1/Act 1/Blow IT up before IT blows YOU up! - Mark.md",
    "Completed Episodes/Part 1/Act 2/Well Now I'm Not Doing It!.md",
    "Completed Episodes/Part 1/Act 2/We've Never Been Here.md",
    "Completed Episodes/Part 1/Act 2/We've Been Here Before.md",
    "Completed Episodes/Part 1/Act 2/We Don't Need Your Help.md",
    "Completed Episodes/Part 1/Act 2/Use the Device.md",
    "Completed Episodes/Part 1/Act 2",
    "Completed Episodes/Part 1/Act 1",
    "Completed Episodes/Part 2",
    "Completed Episodes/Part 1",
    "Characters",
    "Completed Episodes",
    "Untitled.fountain"
  ]
}